kepid,koi_disposition,maxFlux,minFlux,meanFlux,p2pFlux,varianceFlux
2438406,FALSE POSITIVE,1.000688621,0.99943983,1.000018151,0.001248791,3.74E-08
2438490,FALSE POSITIVE,1.012453575,0.973776358,0.997800545,0.038677218,4.88E-05
2438502,FALSE POSITIVE,1.00305903,0.986258133,0.999362761,0.016800897,6.33E-06
2438513,CONFIRMED,1.00485064,0.99838042,1.000016051,0.006470219,1.15E-07
2438517,FALSE POSITIVE,1.000299289,0.999655903,1.000007868,0.000643386,9.68E-09
2439243,CONFIRMED,1.000400813,0.999407112,1.000009529,0.000993701,1.38E-08
2440757,FALSE POSITIVE,1.000318557,0.999405789,0.999981013,0.000912768,8.17E-09
2441151,FALSE POSITIVE,1.000400957,0.999404631,0.999966066,0.000996326,1.66E-08
2441161,FALSE POSITIVE,1.033047543,0.967343453,0.997516427,0.06570409,5.34E-05
2441495,CONFIRMED,1.000126635,0.999840993,0.999999031,0.000285642,1.38E-09
2441728,FALSE POSITIVE,1.000074707,0.999945882,1.000001297,0.000128825,4.83E-10
2442084,FALSE POSITIVE,1.001166772,0.930630368,0.999080585,0.070536404,4.11E-05
2442359,FALSE POSITIVE,1.000174541,0.999651178,1.000001077,0.000523363,2.75E-09
2442448,CONFIRMED,1.000125963,0.999858458,1.000004859,0.000267505,1.76E-09
2444412,CONFIRMED,1.000315636,0.996669226,0.999907821,0.00364641,2.43E-07
2445129,FALSE POSITIVE,1.000266736,0.999626725,1.000001571,0.000640011,8.43E-09
2445134,FALSE POSITIVE,1.000672697,0.961775687,0.998028087,0.038897011,5.67E-05
2445154,FALSE POSITIVE,1.000496439,0.999209159,1.000000946,0.00128728,1.32E-08
2445975,FALSE POSITIVE,1.003296517,0.996846112,0.999876729,0.006450405,1.85E-06
2446113,FALSE POSITIVE,1.000096477,0.999920083,1.00000102,0.000176394,7.51E-10
2446134,FALSE POSITIVE,1.000145735,0.999864165,1.000003622,0.00028157,2.11E-09
2446623,FALSE POSITIVE,1.000320229,0.998770483,1.00001065,0.001549745,1.33E-08
2449053,FALSE POSITIVE,1.00067463,0.999470124,1.000008488,0.001204507,1.30E-08
2449074,FALSE POSITIVE,1.00020918,0.999849058,1.000001379,0.000360122,3.67E-09
2449090,FALSE POSITIVE,1.003043583,0.971827087,0.997314496,0.031216496,3.97E-05
2449101,FALSE POSITIVE,1.007787062,0.953195368,0.999067505,0.054591694,3.75E-05
2450716,FALSE POSITIVE,1.000290584,0.999507683,1.000001134,0.000782901,6.53E-09
2452289,FALSE POSITIVE,1.000135668,0.999879251,1.000000627,0.000256417,1.40E-09
2452440,FALSE POSITIVE,1.004908676,0.976171013,0.999020039,0.028737662,1.51E-05
2452450,FALSE POSITIVE,1.000159772,0.999598208,0.999995526,0.000561565,4.10E-09
2554853,FALSE POSITIVE,1.000162342,0.999844218,1,0.000318125,2.71E-09
2556650,CONFIRMED,1.001218947,0.998812207,1.000013664,0.00240674,4.40E-08
2557430,FALSE POSITIVE,1.000001941,0.995854787,0.99872954,0.004147153,1.10E-06
2557816,CONFIRMED,1.000188683,0.999847924,1.000005459,0.000340758,3.14E-09
2558363,FALSE POSITIVE,1.000459518,0.999576294,1.000013323,0.000883224,2.35E-08
2558370,FALSE POSITIVE,1.014124325,0.946090544,0.993270293,0.068033781,0.000102972
2568971,FALSE POSITIVE,1.002943646,0.997249197,0.999993835,0.005694449,5.47E-07
2569488,FALSE POSITIVE,1.001016788,0.999053176,0.999997828,0.001963612,9.77E-08
2569494,FALSE POSITIVE,1.088406255,0.856867961,0.989366278,0.231538294,0.001916261
2569516,FALSE POSITIVE,1.000063713,0.999937678,1.00000062,0.000126035,3.41E-10
2570432,FALSE POSITIVE,1.001298742,0.998932667,1.000030331,0.002366075,1.25E-07
2570505,FALSE POSITIVE,1.000078774,0.999913983,1.000002901,0.000164791,6.22E-10
2570767,FALSE POSITIVE,1.000071564,0.999939144,1.000000204,0.00013242,4.26E-10
2570773,FALSE POSITIVE,1.003203912,0.997526979,1.000041589,0.005676934,2.53E-07
2571075,FALSE POSITIVE,1.000389334,0.999685919,1.000015545,0.000703415,1.25E-08
2571238,CONFIRMED,1.000041125,0.999817025,0.99999217,0.0002241,1.31E-09
2573056,FALSE POSITIVE,1.000155062,0.999751319,1.00000549,0.000403743,2.88E-09
2573108,FALSE POSITIVE,1.000115469,0.999883162,1.000000036,0.000232308,1.61E-09
2574201,FALSE POSITIVE,1.002255555,0.994813713,1.000001441,0.007441842,1.47E-07
2574338,CONFIRMED,1.000240498,0.999738761,1.000009072,0.000501737,7.40E-09
2574543,FALSE POSITIVE,1.000603933,0.999211278,1.000001988,0.001392654,4.72E-08
2576107,FALSE POSITIVE,1.000343808,0.998779365,1.000005445,0.001564443,1.14E-08
2576197,FALSE POSITIVE,1.000291071,0.999685704,0.999997035,0.000605367,9.58E-09
2576224,FALSE POSITIVE,1.000065258,0.999946731,1.000001331,0.000118527,5.14E-10
2576692,FALSE POSITIVE,1.00308076,0.842817107,0.99797971,0.160263653,0.000226804
2578017,FALSE POSITIVE,1.000651669,0.998792131,0.999999454,0.001859538,2.13E-08
2578811,FALSE POSITIVE,1.012117383,0.997664623,1.000030193,0.014452761,6.08E-07
2580872,FALSE POSITIVE,1.004417149,0.90856053,0.994958452,0.095856619,0.00032704
2581191,FALSE POSITIVE,1.001382333,0.999775339,1.000019009,0.001606994,1.93E-08
2581316,CONFIRMED,1.000090378,0.99182162,0.999954511,0.008268759,2.76E-07
2581554,CONFIRMED,1.00075671,0.989996355,0.999961335,0.010760355,4.06E-07
2582800,FALSE POSITIVE,1.000122614,0.999908493,1.000002589,0.00021412,1.38E-09
2583777,FALSE POSITIVE,1.003209876,0.999479771,0.999907911,0.003730105,6.17E-08
2584163,CONFIRMED,1.000250625,0.999760429,1.000008601,0.000490196,6.09E-09
2692377,CONFIRMED,1.000187571,0.999735495,1.000000034,0.000452076,2.39E-09
2693092,FALSE POSITIVE,1.001658074,0.949725953,0.999453129,0.051932121,2.37E-05
2693736,CONFIRMED,1.000298259,0.999757413,1.000006072,0.000540846,6.12E-09
2694632,FALSE POSITIVE,1.003330756,0.998077231,1.000012,0.005253525,1.02E-07
2695110,FALSE POSITIVE,1.000231989,0.99870699,0.999994943,0.001524999,1.66E-08
2696703,FALSE POSITIVE,1.035543738,0.987376461,1.000818827,0.048167277,4.80E-05
2697169,FALSE POSITIVE,1.000271072,0.999580039,1.000008632,0.000691034,7.87E-09
2697935,FALSE POSITIVE,1.001422263,0.998910499,1.000002919,0.002511764,2.18E-08
2707097,FALSE POSITIVE,1.001002616,0.99522225,0.998113913,0.005780366,1.56E-06
2707916,FALSE POSITIVE,1.00043683,0.999591789,1.0000153,0.00084504,2.55E-08
2707985,FALSE POSITIVE,1.000061129,0.999922757,1.000000564,0.000138372,4.52E-10
2708156,FALSE POSITIVE,1.000212058,0.839802457,0.978904387,0.160409601,0.001942618
2708172,FALSE POSITIVE,1.002249063,0.999772189,1.000027158,0.002476874,3.85E-08
2708203,FALSE POSITIVE,1.000148099,0.999791651,1.000000477,0.000356448,2.41E-09
2708221,FALSE POSITIVE,1.00102154,0.997977789,1.000005496,0.003043751,5.03E-08
2708270,FALSE POSITIVE,1.001445761,0.998817821,1.000006085,0.002627939,2.05E-07
2708278,FALSE POSITIVE,1.001406765,0.999335156,1.000018162,0.002071609,1.51E-08
2708286,FALSE POSITIVE,1.001099621,0.999262215,1.000011378,0.001837405,1.17E-08
2708343,FALSE POSITIVE,1.000891237,0.998959867,1.000006771,0.00193137,4.11E-08
2708420,FALSE POSITIVE,1.000167682,0.999868659,1.000001946,0.000299023,1.17E-09
2708445,FALSE POSITIVE,1.000586172,0.999421771,1.000004824,0.001164401,3.37E-08
2708614,FALSE POSITIVE,1.000577612,0.996068698,0.999966442,0.004508914,1.46E-07
2708885,FALSE POSITIVE,1.000373342,0.999663663,1.000007821,0.000709679,1.09E-08
2710101,FALSE POSITIVE,1.000364651,0.999093148,1.000005836,0.001271503,1.19E-08
2710623,FALSE POSITIVE,1.000998554,0.999845851,1.000009419,0.001152703,5.55E-09
2711114,FALSE POSITIVE,1.000397678,0.999161549,0.999885612,0.00123613,3.92E-08
2711123,FALSE POSITIVE,1.000566952,0.999463754,1.000002077,0.001103198,3.21E-08
2711131,FALSE POSITIVE,1.003452498,0.996896189,1.000009591,0.006556308,9.36E-08
2711597,FALSE POSITIVE,1.001828477,0.990229002,0.999977034,0.011599475,3.19E-07
2712825,FALSE POSITIVE,1.000977929,0.999200199,1.000003594,0.001777729,7.35E-08
2713018,FALSE POSITIVE,1.000123147,0.99988075,1.000000922,0.000242396,1.28E-09
2713049,CONFIRMED,1.000263317,0.999584844,1.000007521,0.000678473,5.88E-09
2715135,CONFIRMED,1.000880285,0.999593698,1.000006396,0.001286587,1.50E-08
2715695,CONFIRMED,1.000486277,0.999544657,1.000008086,0.00094162,1.66E-08
2716801,CONFIRMED,1.000462479,0.999733313,1.000014445,0.000729165,1.11E-08
2716853,CONFIRMED,1.000352536,0.999687971,1.000014892,0.000664565,1.22E-08
2717158,CONFIRMED,1.00050809,0.999390716,1.00000532,0.001117374,8.66E-09
2718778,CONFIRMED,1.000599799,0.999581494,1.000010295,0.001018305,1.33E-08
2719873,FALSE POSITIVE,1.001390472,0.957888535,0.998927016,0.043501937,3.71E-05
2720309,FALSE POSITIVE,1.000369904,0.999632429,0.999981845,0.000737475,1.24E-08
2720354,FALSE POSITIVE,1.006425272,0.976595064,0.997396475,0.029830208,5.50E-05
2720514,FALSE POSITIVE,1.000100645,0.99990301,1.000003186,0.000197635,7.84E-10
2720828,FALSE POSITIVE,1.000291836,0.999725157,1.000006019,0.000566679,5.84E-09
2721030,CONFIRMED,1.000327501,0.999661328,1.000009746,0.000666173,9.89E-09
2830919,FALSE POSITIVE,1.000219465,0.999735978,1.000006172,0.000483488,3.59E-09
2831055,CONFIRMED,1.000205004,0.999780479,1.000004712,0.000424524,1.73E-09
2831251,FALSE POSITIVE,1.000142039,0.999711419,1.000003544,0.000430619,2.41E-09
2833632,FALSE POSITIVE,1.000084065,0.99992113,1.000001215,0.000162935,6.54E-10
2836076,FALSE POSITIVE,1.000253348,0.999810907,1.000007637,0.000442441,4.59E-09
2837111,CONFIRMED,1.000178091,0.999722232,1.000005777,0.000455859,2.68E-09
2849805,CONFIRMED,1.000136285,0.99985619,1.00000144,0.000280095,6.99E-10
2850321,FALSE POSITIVE,1.000225982,0.999865567,1.00000265,0.000360415,1.60E-09
2851100,FALSE POSITIVE,1.00042434,0.999659883,1.000013131,0.000764457,1.28E-08
2852528,FALSE POSITIVE,1.000386833,0.999513457,1.000006924,0.000873376,1.13E-08
2852560,FALSE POSITIVE,1.001567872,0.926966925,0.994889957,0.074600946,0.000274519
2853093,CONFIRMED,1.000303159,0.999295772,1.000007855,0.001007387,9.30E-09
2853828,FALSE POSITIVE,1.000062824,0.99990789,0.999997781,0.000154934,3.39E-10
2853889,FALSE POSITIVE,1.000098957,0.999912661,1.000002366,0.000186296,9.83E-10
2854181,CONFIRMED,1.000384605,0.99964174,1.000007962,0.000742865,7.46E-09
2854698,CONFIRMED,1.000843597,0.999401344,1.000005237,0.001442253,1.33E-08
2854839,FALSE POSITIVE,1.00222812,0.994913998,1.000030924,0.007314122,1.84E-07
2854914,CONFIRMED,1.000130076,0.999839078,1.000001973,0.000290999,1.42E-09
2854948,FALSE POSITIVE,1.010574487,0.984247028,0.999338027,0.026327459,3.17E-05
2856960,FALSE POSITIVE,1.000887923,0.988257751,0.999931697,0.012630172,4.23E-07
2857607,CONFIRMED,1.000136414,0.99986949,1.000002587,0.000266924,1.15E-09
2859299,FALSE POSITIVE,1.000091212,0.999884316,1.000001967,0.000206895,9.92E-10
2860114,FALSE POSITIVE,1.000476735,0.999612964,1.000003013,0.00086377,2.72E-08
2860594,FALSE POSITIVE,1.004607658,0.971435019,0.997871004,0.033172639,4.70E-05
2860788,FALSE POSITIVE,1.010681644,0.965529973,0.994825721,0.045151671,0.000106695
2860793,FALSE POSITIVE,1.000175152,0.999838587,1.000002548,0.000336565,3.90E-09
2861126,FALSE POSITIVE,1.00216071,0.998150351,1.000014942,0.004010358,6.72E-08
2969638,FALSE POSITIVE,1.002184451,0.998489068,0.99999778,0.003695383,2.38E-07
2970804,FALSE POSITIVE,1.002002564,0.997786087,0.999840944,0.004216477,2.54E-07
2972800,FALSE POSITIVE,1.00009162,0.999905123,1.000002535,0.000186497,8.56E-10
2973509,FALSE POSITIVE,1.012896124,0.935450792,0.99241492,0.077445333,0.000320127
2975770,CONFIRMED,1.016737461,0.984043639,0.999962849,0.032693822,1.49E-06
2985767,CONFIRMED,1.000104995,0.999836141,1.000000197,0.000268854,4.07E-10
2987027,CONFIRMED,1.000672543,0.997209473,0.999931996,0.003463069,1.81E-07
2987433,FALSE POSITIVE,1.002367191,0.999526531,1.000056893,0.00284066,8.51E-08
2989404,CONFIRMED,1.000056664,0.999572251,0.999995558,0.000484413,1.71E-09
2989706,FALSE POSITIVE,1.000608645,0.999526902,1.000009012,0.001081743,4.03E-08
2990873,CONFIRMED,1.000117348,0.999904961,1.000003593,0.000212386,1.36E-09
2995392,CONFIRMED,1.00029179,0.999714622,1.000008499,0.000577169,7.05E-09
2997178,FALSE POSITIVE,1.001774828,0.998907037,0.999982967,0.002867792,3.25E-08
2997455,FALSE POSITIVE,1.000576091,0.99916255,0.999818716,0.001413541,6.30E-08
2998124,FALSE POSITIVE,1.000366251,0.961324117,0.999404263,0.039042135,1.82E-05
3001885,FALSE POSITIVE,1.000397378,0.994027337,0.999961788,0.006370041,1.71E-07
3003019,FALSE POSITIVE,1.000180353,0.999792748,1.000005521,0.000387604,3.37E-09
3003673,FALSE POSITIVE,1.000258719,0.999524904,0.999997664,0.000733816,4.12E-09
3003991,FALSE POSITIVE,1.001511982,0.98016257,0.998842356,0.021349412,1.56E-05
3003992,FALSE POSITIVE,1.000035385,0.999815118,0.999998852,0.000220266,2.46E-10
3097346,FALSE POSITIVE,1.000034992,0.999919029,0.999999785,0.000115964,1.44E-10
3097352,FALSE POSITIVE,1.02413866,0.51451541,0.990994649,0.50962325,0.001329341
3098184,FALSE POSITIVE,1.001298746,0.897711639,0.999090081,0.103587107,3.88E-05
3098194,FALSE POSITIVE,1.002967288,0.781549873,0.994642892,0.221417415,0.000785757
3098197,FALSE POSITIVE,1.004044309,0.870078394,0.997875067,0.133965914,0.00015245
3098810,CONFIRMED,1.000067097,0.999889251,1.000000713,0.000177846,5.34E-10
3098843,FALSE POSITIVE,1.000251197,0.999574944,1.000001084,0.000676253,3.27E-09
3102000,FALSE POSITIVE,1.000881355,0.970295758,0.99975113,0.030585597,6.99E-06
3102024,FALSE POSITIVE,1.004532633,0.905334774,0.996091587,0.099197859,0.000254492
3102309,FALSE POSITIVE,1.000092121,0.999844408,1.00000297,0.000247713,7.98E-10
3102384,CONFIRMED,1.000047983,0.999895395,0.999998159,0.000152589,2.48E-10
3103227,CONFIRMED,1.000245127,0.999622052,1.000008184,0.000623074,3.93E-09
3109930,CONFIRMED,1.000218156,0.999757811,1.000006403,0.000460345,3.01E-09
3109937,FALSE POSITIVE,1.00045308,0.999328681,1.000007736,0.001124399,1.40E-08
3110937,FALSE POSITIVE,1.000332195,0.999811504,1.000007178,0.000520691,5.03E-09
3113266,FALSE POSITIVE,1.000230579,0.999245334,0.999757159,0.000985245,3.78E-08
3114167,CONFIRMED,1.000303283,0.999702788,1.000007526,0.000600496,8.84E-09
3114661,FALSE POSITIVE,1.00167829,0.994156755,0.999013809,0.007521534,1.25E-06
3114667,FALSE POSITIVE,1.009478139,0.907270187,0.968553571,0.102207952,0.000173617
3114811,CONFIRMED,1.000248477,0.99970843,0.99999993,0.000540047,1.63E-09
3115480,FALSE POSITIVE,1.004764598,0.993458443,0.99933144,0.011306155,3.19E-06
3116302,FALSE POSITIVE,1.00016676,0.99984331,1.000001482,0.00032345,2.52E-09
3116412,CONFIRMED,1.000231246,0.999886783,1.000002909,0.000344463,1.51E-09
3117046,FALSE POSITIVE,1.000248831,0.999819237,1.000005882,0.000429594,3.99E-09
3117115,FALSE POSITIVE,1.000307351,0.999656767,1.000008548,0.000650585,8.43E-09
3118797,CONFIRMED,1.00043296,0.999298339,1.000007917,0.00113462,1.63E-08
3119256,FALSE POSITIVE,1.000287116,0.999733614,0.999999284,0.000553502,6.44E-09
3120276,FALSE POSITIVE,1.000215537,0.999791298,1.000008521,0.000424239,5.40E-09
3120308,FALSE POSITIVE,1.000244494,0.999666638,1.000005507,0.000577855,3.83E-09
3120320,FALSE POSITIVE,1.000001397,0.966282667,0.998679498,0.03371873,3.07E-05
3120355,CONFIRMED,1.000195324,0.999796753,1.000006892,0.000398571,4.08E-09
3120397,FALSE POSITIVE,1.000355184,0.999664866,1.000009471,0.000690317,1.04E-08
3120431,FALSE POSITIVE,1.000424777,0.999675135,1.000010943,0.000749642,1.25E-08
3120904,CONFIRMED,1.000116367,0.999798283,1.000000862,0.000318084,9.09E-10
3121340,FALSE POSITIVE,1.001720475,0.999099519,1.000001188,0.002620956,7.80E-08
3122913,CONFIRMED,1.00117943,0.99809903,1.000006875,0.0030804,5.87E-08
3122985,FALSE POSITIVE,1.015331447,0.982285226,0.999439007,0.033046221,2.75E-05
3123418,FALSE POSITIVE,1.000231114,0.99981283,1.000002734,0.000418283,3.60E-09
3124412,FALSE POSITIVE,1.002469277,0.998833032,0.999931585,0.003636245,7.43E-08
3124420,FALSE POSITIVE,1.080394285,0.791984055,0.976576916,0.28841023,0.000797235
3124598,FALSE POSITIVE,1.000104228,0.999903593,1.000002207,0.000200635,1.04E-09
3127817,FALSE POSITIVE,1.002937783,0.976307249,0.995883425,0.026630534,5.64E-05
3127911,FALSE POSITIVE,1.000056233,0.999892023,0.999998907,0.00016421,2.97E-10
3128552,CONFIRMED,1.00022423,0.999695328,1.000004013,0.000528902,4.72E-09
3128793,FALSE POSITIVE,1.025752381,0.983384024,1.000111181,0.042368357,5.91E-06
3130300,FALSE POSITIVE,1.00016882,0.999873962,1.000003701,0.000294858,1.80E-09
3130548,FALSE POSITIVE,1.001362918,0.999317997,1.000027507,0.002044922,3.14E-08
3217264,CONFIRMED,1.000108316,0.999225017,0.999990863,0.000883299,9.26E-09
3218844,FALSE POSITIVE,1.000218787,0.999738543,1.000007081,0.000480245,7.02E-09
3218908,CONFIRMED,1.000146089,0.999811004,1.000003756,0.000335085,2.65E-09
3219995,CONFIRMED,1.000743592,0.993420706,0.999911316,0.007322886,4.57E-07
3222680,FALSE POSITIVE,1.000980164,0.999133363,1.000004172,0.001846801,5.81E-08
3228740,FALSE POSITIVE,1.000101987,0.999915859,1.000002439,0.000186128,7.56E-10
3228804,FALSE POSITIVE,1.001161313,0.999775251,1.00001317,0.001386062,1.11E-08
3228824,FALSE POSITIVE,1.000468527,0.999639093,1.000009693,0.000829434,9.95E-09
3228825,FALSE POSITIVE,1.000344292,0.999084755,0.9999966,0.001259537,2.12E-08
3228945,FALSE POSITIVE,1.000464145,0.999541098,1.000005815,0.000923046,9.42E-09
3228959,FALSE POSITIVE,1.00023797,0.999795314,1.000010838,0.000442656,5.73E-09
3228986,FALSE POSITIVE,1.000609964,0.998366858,1.000001836,0.002243107,1.54E-08
3228988,FALSE POSITIVE,1.000289587,0.999103015,1.000007455,0.001186572,1.02E-08
3229028,FALSE POSITIVE,1.000094855,0.999709085,0.99999849,0.00038577,1.04E-09
3230095,FALSE POSITIVE,1.000199248,0.999769253,1.000005578,0.000429995,4.53E-09
3230206,FALSE POSITIVE,1.000332914,0.999787667,1.000012768,0.000545247,7.44E-09
3230227,FALSE POSITIVE,1.010825276,0.925192237,0.999508321,0.085633039,4.97E-05
3230578,FALSE POSITIVE,1.000260888,0.999745581,0.999989866,0.000515307,4.50E-09
3230753,FALSE POSITIVE,1.000368172,0.999800493,1.000007531,0.000567679,3.32E-09
3230787,FALSE POSITIVE,1.004326388,0.938839826,0.998312687,0.065486561,8.98E-05
3231120,FALSE POSITIVE,1.006499164,0.971828753,0.997089405,0.03467041,5.36E-05
3231137,FALSE POSITIVE,1.000189081,0.999740383,0.999999261,0.000448698,5.14E-09
3231341,CONFIRMED,1.000451411,0.999559419,1.000004383,0.000891992,7.53E-09
3232859,FALSE POSITIVE,1.000118633,0.999490602,0.999977864,0.000628032,9.03E-09
3233043,FALSE POSITIVE,1.001707403,0.998767007,0.999965048,0.002940396,5.26E-08
3234598,CONFIRMED,1.000311967,0.999263163,1.000000688,0.001048804,8.46E-09
3234843,CONFIRMED,1.000437105,0.999630126,1.000008954,0.000806979,9.95E-09
3235282,FALSE POSITIVE,1.000588318,0.999754612,1.00000674,0.000833706,6.91E-09
3235672,FALSE POSITIVE,1.000234924,0.99979425,1.000004691,0.000440674,5.85E-09
3239636,FALSE POSITIVE,1.000300472,0.99972538,1.000001059,0.000575092,1.09E-08
3239671,CONFIRMED,1.000310182,0.999556082,1.000006417,0.000754101,5.98E-09
3239945,CONFIRMED,1.000163697,0.998170397,0.999989311,0.001993301,1.76E-08
3240049,FALSE POSITIVE,1.002007743,0.998310742,1.000007876,0.003697001,1.87E-07
3240158,CONFIRMED,1.000219548,0.999613246,1.000000315,0.000606302,4.60E-09
3240159,FALSE POSITIVE,1.002354339,0.999785303,1.000061497,0.002569036,9.90E-08
3240406,FALSE POSITIVE,1.000024156,0.999821269,0.99999922,0.000202887,3.29E-10
3240706,FALSE POSITIVE,1.00021534,0.999829729,1.000006473,0.000385611,5.25E-09
3241248,FALSE POSITIVE,1.00018307,0.99980174,0.999994073,0.00038133,6.27E-09
3241344,FALSE POSITIVE,1.013229214,0.936044846,0.99348003,0.077184369,0.000269939
3241557,FALSE POSITIVE,1.000149985,0.999880506,1.000002101,0.000269479,9.51E-10
3241604,FALSE POSITIVE,1.005726284,0.996814975,1.000099494,0.008911309,5.04E-07
3241619,FALSE POSITIVE,1.020692701,0.925334152,0.973710231,0.095358549,0.000667535
3241647,FALSE POSITIVE,1.000295694,0.999764293,1.000007546,0.000531402,6.38E-09
3241662,FALSE POSITIVE,1.000243601,0.999811474,1.000007408,0.000432126,5.69E-09
3244792,CONFIRMED,1.000185227,0.999835011,1.000006327,0.000350216,3.59E-09
3245000,FALSE POSITIVE,1.002126581,0.998107489,1.000007501,0.004019093,1.62E-07
3245638,FALSE POSITIVE,1.000979057,0.995930117,0.998841481,0.00504894,1.13E-06
3245661,FALSE POSITIVE,1.001000207,0.99196207,0.998466281,0.009038137,5.01E-06
3245969,CONFIRMED,1.000420197,0.999663405,1.000011162,0.000756792,1.31E-08
3246984,FALSE POSITIVE,1.000310459,0.999684968,0.999988291,0.00062549,1.16E-08
3247268,CONFIRMED,1.000210673,0.994263597,0.999955811,0.005947076,1.67E-07
3247294,FALSE POSITIVE,1.010780679,0.925824654,0.998974458,0.084956026,5.95E-05
3247396,FALSE POSITIVE,1.000074043,0.999883922,0.999999176,0.000190122,6.31E-10
3247404,FALSE POSITIVE,1.007688159,0.991085327,1.000067416,0.016602832,5.04E-06
3247503,FALSE POSITIVE,1.000344969,0.99964661,1.000007181,0.000698359,1.25E-08
3248019,FALSE POSITIVE,1.00224011,0.985351416,0.996608878,0.016888693,2.25E-05
3248033,FALSE POSITIVE,1.000150985,0.999879189,1.000000576,0.000271796,1.15E-09
3248332,FALSE POSITIVE,1.060681754,0.960497601,0.99776563,0.100184153,0.000102634
3248696,FALSE POSITIVE,1.000333408,0.99968349,1.00000759,0.000649918,7.62E-09
3323289,FALSE POSITIVE,1.001825375,0.842789868,0.996765506,0.159035507,0.000359024
3323887,CONFIRMED,1.000496536,0.99811641,0.99993556,0.002380126,1.12E-07
3324644,FALSE POSITIVE,1.055903757,0.922455358,0.999395873,0.133448399,0.000509171
3324986,FALSE POSITIVE,1.000327015,0.999793455,1.000007031,0.00053356,4.53E-09
3326377,CONFIRMED,1.000928885,0.998936178,1.000001659,0.001992706,3.67E-08
3327980,FALSE POSITIVE,1.017599792,0.853228303,0.971885729,0.164371489,0.002268103
3327992,FALSE POSITIVE,1.0021481,0.912739084,0.995557857,0.089409016,0.000177299
3327993,FALSE POSITIVE,1.000435258,0.999417094,1.000010461,0.001018164,1.66E-08
3328026,FALSE POSITIVE,1.001154356,0.997173431,0.999998695,0.003980925,4.42E-08
3328027,FALSE POSITIVE,1.000754304,0.999322714,1.000013218,0.00143159,1.08E-08
3328052,FALSE POSITIVE,1.000360696,0.999671378,1.000008022,0.000689318,8.11E-09
3328080,CONFIRMED,1.00006681,0.999938369,1.000001482,0.000128441,4.11E-10
3329643,FALSE POSITIVE,1.000429125,0.99969605,1.000008274,0.000733075,4.18E-09
3329985,FALSE POSITIVE,1.000495494,0.999527868,1.000014136,0.000967626,1.48E-08
3330684,FALSE POSITIVE,1.00024056,0.999799824,1.000007751,0.000440736,4.03E-09
3335813,FALSE POSITIVE,1.000389789,0.996898402,0.999844393,0.003491387,2.12E-07
3335816,FALSE POSITIVE,1.000504496,0.995664698,0.999606666,0.004839797,1.09E-06
3336283,FALSE POSITIVE,1.000509816,0.999670455,1.000003276,0.000839361,4.46E-09
3336476,FALSE POSITIVE,1.000175383,0.999918669,1.000001648,0.000256714,4.32E-10
3336765,FALSE POSITIVE,1.000104619,0.999907497,1.000002061,0.000197122,7.96E-10
3336845,FALSE POSITIVE,1.000229588,0.99667481,0.999967236,0.003554779,9.23E-08
3337061,FALSE POSITIVE,1.001084085,0.997928207,0.999971575,0.003155878,5.79E-08
3337351,FALSE POSITIVE,1.002825561,0.978216486,0.999358417,0.024609075,9.33E-06
3337425,FALSE POSITIVE,1.000139634,0.999832134,1.000003278,0.000307499,2.49E-09
3337432,FALSE POSITIVE,1.000194812,0.99981643,1.000002375,0.000378383,1.64E-09
3337438,FALSE POSITIVE,1.000219146,0.99957683,0.999999401,0.000642316,2.32E-09
3337548,FALSE POSITIVE,1.000409046,0.999654668,1.000010975,0.000754378,1.08E-08
3338660,FALSE POSITIVE,1.051037754,0.737290251,0.939288866,0.313747503,0.007580172
3338674,FALSE POSITIVE,1.000479659,0.998089551,0.999757886,0.002390108,3.16E-07
3338885,CONFIRMED,1.000812228,0.999564573,1.000006388,0.001247655,9.53E-09
3339538,FALSE POSITIVE,1.002354197,0.981202083,0.999355287,0.021152114,1.09E-05
3340070,FALSE POSITIVE,1.000205454,0.999801862,1.000004583,0.000403592,4.48E-09
3340312,FALSE POSITIVE,1.000154243,0.999771272,1.000002192,0.00038297,1.97E-09
3340313,FALSE POSITIVE,1.000842071,0.983177259,0.999797311,0.017664811,3.05E-06
3341760,FALSE POSITIVE,1.000136565,0.999930938,1.000002257,0.000205626,6.02E-10
3341934,FALSE POSITIVE,1.001506098,0.9480891,0.998386961,0.053416998,6.22E-05
3341982,FALSE POSITIVE,1.000353501,0.999640947,1.000009776,0.000712554,1.04E-08
3342463,FALSE POSITIVE,1.000132351,0.999848055,1.000001109,0.000284296,5.84E-10
3342467,FALSE POSITIVE,1.004121273,0.976189322,0.999858603,0.027931951,2.56E-06
3342592,FALSE POSITIVE,1.000606488,0.987490898,0.999684127,0.01311559,3.18E-06
3342794,CONFIRMED,1.000128169,0.999896588,1.000002689,0.000231582,9.85E-10
3342952,FALSE POSITIVE,1.002274704,0.999180542,1.000016719,0.003094162,4.76E-08
3342970,CONFIRMED,1.000435309,0.999583672,1.000005785,0.000851637,1.49E-08
3343281,FALSE POSITIVE,1.000200131,0.999777509,1.000005618,0.000422622,5.14E-09
3343866,FALSE POSITIVE,1.000118407,0.999895366,1.000002065,0.000223041,1.49E-09
3344419,FALSE POSITIVE,1.000557786,0.999101582,0.999761791,0.001456204,7.30E-08
3344427,FALSE POSITIVE,1.005313834,0.950267224,0.976491878,0.055046611,0.000203318
3345973,FALSE POSITIVE,1.000507518,0.994445936,0.99998694,0.006061582,1.13E-07
3346154,CONFIRMED,1.000162276,0.999859383,1.000002254,0.000302892,2.33E-09
3347485,FALSE POSITIVE,1.012365012,0.994404076,1.000144939,0.017960935,2.46E-06
3347807,FALSE POSITIVE,1.000067465,0.999957659,1.000000619,0.000109806,2.85E-10
3348082,FALSE POSITIVE,1.000197921,0.999636517,1.000001292,0.000561404,6.61E-09
3348090,FALSE POSITIVE,1.000082597,0.999896936,1.000001723,0.000185661,9.02E-10
3348093,FALSE POSITIVE,1.008653862,0.95893121,0.995819429,0.049722652,0.000124097
3348285,FALSE POSITIVE,1.00066621,0.999298571,1.000003763,0.001367639,8.98E-09
3351888,CONFIRMED,1.000502151,0.99830494,0.999647019,0.002197211,3.42E-07
3352751,FALSE POSITIVE,1.019988352,0.963792398,0.996181471,0.056195955,0.000119171
3353050,CONFIRMED,1.000078322,0.999896786,1.000001681,0.000181536,7.53E-10
3353454,FALSE POSITIVE,1.00127512,0.997568874,1.000005059,0.003706245,3.80E-07
3354846,CONFIRMED,1.001609983,0.997137628,0.999999608,0.004472355,8.16E-08
3426367,CONFIRMED,1.001896532,0.999117449,1.000019577,0.002779083,2.19E-08
3427776,FALSE POSITIVE,1.011119987,0.948615731,0.999171047,0.062504256,1.78E-05
3428359,FALSE POSITIVE,1.000125323,0.99980497,1.00000049,0.000320353,8.82E-10
3428468,FALSE POSITIVE,1.001176017,0.997767466,1.000017017,0.003408551,3.69E-08
3433668,CONFIRMED,1.000722356,0.99889079,1.000009676,0.001831566,1.42E-08
3437739,FALSE POSITIVE,1.000346895,0.999683831,1.000009228,0.000663064,8.37E-09
3437776,FALSE POSITIVE,1.000540401,0.999596346,1.000005094,0.000944055,5.49E-09
3438507,CONFIRMED,1.000261223,0.999800004,1.000006736,0.000461219,5.99E-09
3438975,FALSE POSITIVE,1.000303421,0.999940396,1.000002602,0.000363024,9.67E-10
3438976,FALSE POSITIVE,1.000121337,0.999917207,1.000004692,0.00020413,1.19E-09
3439031,FALSE POSITIVE,1.008191601,0.87339859,0.981294393,0.134793012,0.001605581
3439096,FALSE POSITIVE,1.000286707,0.999650847,1.000001232,0.00063586,8.80E-09
3439126,FALSE POSITIVE,1.00434529,0.994968794,1.000071376,0.009376496,5.77E-07
3440118,CONFIRMED,1.002602859,0.992099934,0.999961701,0.010502925,9.28E-07
3440230,FALSE POSITIVE,1.063718736,0.72270617,0.962353554,0.341012565,0.00803841
3440861,FALSE POSITIVE,1.000144875,0.999841962,1.000005203,0.000302913,1.58E-09
3441340,FALSE POSITIVE,1.002792142,0.995632134,0.999987963,0.007160008,1.77E-07
3441784,FALSE POSITIVE,1.000322288,0.992363585,0.999916877,0.007958703,5.14E-07
3442054,FALSE POSITIVE,1.000498835,0.968127706,0.999874135,0.032371129,3.71E-06
3442055,CONFIRMED,1.000084269,0.999880462,1.000001088,0.000203807,6.16E-10
3443582,FALSE POSITIVE,1.003095373,0.9963472,0.99999725,0.006748173,3.95E-06
3443790,FALSE POSITIVE,1.000257721,0.999623521,0.999942315,0.0006342,1.68E-08
3444098,FALSE POSITIVE,1.000955364,0.999097546,1.000001098,0.001857818,5.27E-08
3444588,CONFIRMED,1.003941122,0.999285954,1.000020899,0.004655168,6.55E-08
3445812,FALSE POSITIVE,1.000269808,0.999744166,1.000006986,0.000525642,4.40E-09
3446451,FALSE POSITIVE,1.000112311,0.99991189,0.999998395,0.000200421,9.24E-10
3446746,CONFIRMED,1.000145981,0.999854857,1.000003679,0.000291124,1.05E-09
3447722,CONFIRMED,1.000461776,0.999743059,1.000008745,0.000718717,7.84E-09
3448130,CONFIRMED,1.000293314,0.996403358,0.999966834,0.003889955,1.07E-07
3448323,FALSE POSITIVE,1.000683524,0.998253245,1.000001414,0.002430279,3.41E-08
3448456,FALSE POSITIVE,1.000553289,0.999600337,1.000014524,0.000952953,1.72E-08
3449540,FALSE POSITIVE,1.011683545,0.907986471,0.975243932,0.103697074,0.001273259
3449870,FALSE POSITIVE,1.00020582,0.999730006,0.999999952,0.000475814,8.26E-09
3458028,CONFIRMED,1.000174936,0.999847183,1.000000768,0.000327754,3.57E-09
3458687,FALSE POSITIVE,1.000251715,0.999763117,0.999999577,0.000488598,5.08E-09
3458919,FALSE POSITIVE,1.006171003,0.982582991,0.994875363,0.023588012,1.62E-05
3459199,FALSE POSITIVE,1.013847324,0.998511682,1.000090107,0.015335642,1.34E-06
3459529,FALSE POSITIVE,1.000537623,0.999511536,1.000005378,0.001026087,3.48E-08
3526331,FALSE POSITIVE,1.000327792,0.999801362,1.000011779,0.000526431,7.08E-09
3530668,FALSE POSITIVE,1.014747319,0.951130579,0.99239222,0.06361674,0.000183811
3531231,FALSE POSITIVE,1.000417057,0.999633786,1.000011274,0.000783271,1.25E-08
3531558,CONFIRMED,1.000120411,0.999915145,1.000001018,0.000205266,4.51E-10
3532510,FALSE POSITIVE,1.000143854,0.999911407,1.000001149,0.000232447,8.95E-10
3533469,FALSE POSITIVE,1.000327699,0.999591734,1.000000434,0.000735965,5.56E-09
3533483,FALSE POSITIVE,1.000336327,0.99954492,1.000005089,0.000791406,5.30E-09
3534118,FALSE POSITIVE,1.000107562,0.999903604,1.000003305,0.000203958,1.06E-09
3541800,FALSE POSITIVE,1.000304455,0.999630652,1.000000178,0.000673803,7.65E-09
3541946,CONFIRMED,1.000774599,0.997446823,0.999992487,0.003327776,3.79E-08
3542117,FALSE POSITIVE,1.005001963,0.960684971,0.999810972,0.044316992,7.27E-06
3542222,FALSE POSITIVE,1.000249995,0.999774189,1.000003827,0.000475806,5.30E-09
3542542,FALSE POSITIVE,1.000368211,0.999734088,1.000010622,0.000634123,1.05E-08
3542573,FALSE POSITIVE,1.001008957,0.977237863,0.997288671,0.023771093,4.48E-05
3542574,FALSE POSITIVE,1.047701204,0.339899867,0.946499677,0.707801336,0.018309318
3542588,FALSE POSITIVE,1.000112748,0.999862211,1.000002176,0.000250537,9.05E-10
3542928,FALSE POSITIVE,1.000822813,0.999497483,1.000002494,0.00132533,8.40E-09
3543270,FALSE POSITIVE,1.027022984,0.968407606,0.997464047,0.058615378,4.56E-05
3544595,CONFIRMED,1.000019771,0.999896377,0.999993229,0.000123394,3.66E-10
3544640,CONFIRMED,1.000331714,0.999659649,1.0000077,0.000672065,9.08E-09
3544678,FALSE POSITIVE,1.000335788,0.999705061,1.000005383,0.000630727,1.33E-08
3544689,FALSE POSITIVE,1.019035863,0.997587658,1.000064968,0.021448205,2.52E-06
3544694,FALSE POSITIVE,1.01017072,0.970560451,0.996423613,0.039610269,5.18E-05
3545135,CONFIRMED,1.000036344,0.999918772,0.999999105,0.000117572,2.41E-10
3545583,FALSE POSITIVE,1.000334933,0.99962794,1.000004883,0.000706992,9.09E-09
3545749,FALSE POSITIVE,1.001198845,0.998211827,0.999997347,0.002987018,2.34E-08
3546060,CONFIRMED,1.000465943,0.999603818,1.000005885,0.000862126,1.27E-08
3546821,FALSE POSITIVE,1.00094905,0.997852423,0.999983493,0.003096627,5.73E-08
3547091,FALSE POSITIVE,1.012360621,0.989645698,0.999837825,0.022714923,7.80E-06
3547315,FALSE POSITIVE,1.018677677,0.975573067,0.997738566,0.04310461,5.93E-05
3547760,FALSE POSITIVE,1.000239631,0.999794338,1.000005713,0.000445292,3.12E-09
3548044,CONFIRMED,1.000295838,0.999900323,1.000002952,0.000395516,1.19E-09
3548639,FALSE POSITIVE,1.000609613,0.998833989,0.999998648,0.001775624,9.93E-09
3550434,FALSE POSITIVE,1.001035837,0.99924206,1.000012338,0.001793778,6.69E-08
3554031,CONFIRMED,1.001292334,0.998130609,1.000006753,0.003161725,3.54E-08
3554600,FALSE POSITIVE,1.00030648,0.999742072,1.000007612,0.000564408,8.57E-09
3554819,FALSE POSITIVE,1.000083457,0.999894223,1.000000656,0.000189235,5.42E-10
3555178,FALSE POSITIVE,1.000041682,0.999955477,1.000000216,8.62E-05,1.92E-10
3556220,FALSE POSITIVE,1.0005556,0.999800787,1.000002466,0.000754812,1.72E-09
3556229,FALSE POSITIVE,1.010651644,0.959389038,0.982540952,0.051262606,0.000165811
3556742,FALSE POSITIVE,1.000262407,0.999281119,0.999974475,0.000981288,1.10E-08
3557341,FALSE POSITIVE,1.000665806,0.999408649,1.000003786,0.001257157,1.33E-08
3557493,FALSE POSITIVE,1.000282002,0.999746564,1.000005877,0.000535439,5.37E-09
3558803,FALSE POSITIVE,1.000528889,0.99962538,1.000000071,0.000903509,2.03E-08
3558981,FALSE POSITIVE,1.028527559,0.98697285,0.999215404,0.041554709,2.27E-05
3559935,CONFIRMED,1.000422011,0.999496746,1.000003145,0.000925265,6.28E-09
3560301,FALSE POSITIVE,1.000124917,0.99985225,0.999999034,0.000272667,1.86E-09
3561464,CONFIRMED,1.000458296,0.99955877,1.000001447,0.000899526,1.89E-08
3629330,CONFIRMED,1.000248945,0.999653595,1.000008627,0.000595349,7.02E-09
3629967,CONFIRMED,1.000162007,0.999844191,0.999999419,0.000317817,1.20E-09
3632089,CONFIRMED,1.000141356,0.999848606,1.000004548,0.00029275,1.49E-09
3632330,FALSE POSITIVE,1.000199368,0.999803089,1.000005302,0.000396279,4.27E-09
3632418,CONFIRMED,1.000026107,0.999751901,0.999995431,0.000274206,6.11E-10
3634169,FALSE POSITIVE,1.000175871,0.999705415,1.000000657,0.000470456,9.78E-10
3640905,CONFIRMED,1.000090631,0.99991336,0.999999727,0.000177271,6.40E-10
3641216,FALSE POSITIVE,1.000057347,0.999951562,1.000001196,0.000105786,2.72E-10
3641726,CONFIRMED,1.000217957,0.999728849,1.000005405,0.000489108,6.33E-09
3642289,CONFIRMED,1.000084215,0.99993086,0.999999955,0.000153355,3.97E-10
3642335,CONFIRMED,1.000897885,0.999119714,1.000009585,0.001778171,2.67E-08
3642741,FALSE POSITIVE,1.001104469,0.998095507,0.999924005,0.003008962,1.10E-07
3644174,FALSE POSITIVE,1.000787505,0.999264121,1.00000879,0.001523384,6.63E-09
3644399,FALSE POSITIVE,1.000278331,0.999746349,1.000010528,0.000531983,7.98E-09
3644505,FALSE POSITIVE,1.000181523,0.999921153,1.0000019,0.00026037,7.41E-10
3644523,FALSE POSITIVE,1.000494733,0.998067392,0.999996861,0.002427342,3.21E-08
3644542,FALSE POSITIVE,1.001043812,0.786088297,0.997811856,0.214955515,0.000336657
3644601,FALSE POSITIVE,1.00019723,0.999085005,1.000001408,0.001112226,9.70E-09
3644602,FALSE POSITIVE,1.000225472,0.99978368,1.000005189,0.000441792,4.64E-09
3644631,FALSE POSITIVE,1.000239389,0.999662953,1.000004845,0.000576436,6.97E-09
3644649,FALSE POSITIVE,1.000141737,0.999890597,1.000004557,0.00025114,1.66E-09
3644653,FALSE POSITIVE,1.000426724,0.999430402,1.000011543,0.000996323,1.61E-08
3644738,FALSE POSITIVE,1.000270456,0.999751238,1.000006077,0.000519218,5.92E-09
3645282,FALSE POSITIVE,1.000386347,0.999641213,1.000002843,0.000745133,1.13E-08
3645438,CONFIRMED,1.000297084,0.99965169,1.000007838,0.000645394,9.02E-09
3646515,FALSE POSITIVE,1.000270936,0.999802961,1.000006703,0.000467975,5.54E-09
3650049,FALSE POSITIVE,1.00032026,0.99979501,1.000008259,0.000525251,4.98E-09
3654095,FALSE POSITIVE,1.000197913,0.999850012,1.000003975,0.000347901,3.21E-09
3654719,FALSE POSITIVE,1.000301742,0.999610149,1.000006213,0.000691592,7.66E-09
3654950,FALSE POSITIVE,1.046138255,0.981150547,0.999911974,0.064987707,3.93E-05
3655326,FALSE POSITIVE,1.00061457,0.967141876,0.998512333,0.033472694,3.13E-05
3655332,FALSE POSITIVE,1.000806699,0.98325881,0.999404192,0.017547888,6.06E-06
3656121,CONFIRMED,1.000248047,0.995855468,0.99994068,0.004392579,1.64E-07
3656322,FALSE POSITIVE,1.028167408,0.968930995,0.998975635,0.059236413,5.30E-05
3656700,FALSE POSITIVE,1.00008535,0.999885947,0.999990988,0.000199402,1.12E-09
3657176,FALSE POSITIVE,1.000335782,0.999756547,1.000002506,0.000579235,3.71E-09
3657758,CONFIRMED,1.001163759,0.992854817,0.999992318,0.008308942,1.19E-07
3659940,FALSE POSITIVE,1.033162482,0.960475633,0.999624241,0.072686849,0.0003431
3660924,CONFIRMED,1.000147865,0.999840188,1.000004961,0.000307677,2.64E-09
3661886,CONFIRMED,1.000159126,0.999785289,1.000001554,0.000373837,1.79E-09
3662635,FALSE POSITIVE,1.016922379,0.974648895,0.997911838,0.042273484,0.000105145
3662838,CONFIRMED,1.000188789,0.999514665,0.999994093,0.000674123,5.42E-09
3663141,FALSE POSITIVE,1.000319671,0.999668499,1.000000086,0.000651172,1.51E-09
3728432,CONFIRMED,1.000866334,0.992656714,0.999987705,0.00820962,1.57E-07
3728701,CONFIRMED,1.000284592,0.999857263,1.000005247,0.000427329,2.12E-09
3730176,FALSE POSITIVE,1.000134847,0.999928063,1.000001611,0.000206783,4.28E-10
3730335,FALSE POSITIVE,1.000138966,0.999912991,1.000005496,0.000225975,1.39E-09
3732035,CONFIRMED,1.000146987,0.999713312,1.000001255,0.000433675,1.81E-09
3732821,CONFIRMED,1.000271955,0.99964602,1.000002147,0.000625934,4.67E-09
3732894,FALSE POSITIVE,1.000222517,0.999833723,1.000005441,0.000388794,2.36E-09
3732972,FALSE POSITIVE,1.000725384,0.999375466,1.000008846,0.001349917,5.86E-08
3733628,CONFIRMED,1.002002868,0.987293667,0.999829006,0.014709202,1.52E-06
3734418,CONFIRMED,1.000658541,0.997970504,1.000008816,0.002688037,3.15E-08
3734501,FALSE POSITIVE,1.000222309,0.999763822,1.000000517,0.000458486,6.21E-09
3734868,FALSE POSITIVE,1.003115929,0.990484586,0.99972967,0.012631344,1.95E-06
3735629,FALSE POSITIVE,1.008770806,0.887951504,0.992456172,0.120819301,0.000532933
3735634,FALSE POSITIVE,1.000185037,0.996175745,0.999802492,0.004009292,3.95E-07
3742855,FALSE POSITIVE,1.000880565,0.991763238,0.999564314,0.009117327,2.42E-06
3745559,CONFIRMED,1.002204955,0.998009667,0.999996493,0.004195288,4.49E-08
3745690,CONFIRMED,1.00044914,0.999693249,1.000002047,0.000755891,2.69E-09
3746248,FALSE POSITIVE,1.001509186,0.99665103,0.999974006,0.004858156,5.70E-07
3747262,FALSE POSITIVE,1.000083738,0.999914201,1.000000536,0.000169537,8.13E-10
3747817,CONFIRMED,1.003527806,0.999067328,1.000015629,0.004460478,5.27E-08
3749134,CONFIRMED,1.000178258,0.999830503,1.000006135,0.000347755,3.99E-09
3749365,CONFIRMED,1.00229742,0.99456277,0.999192543,0.007734651,2.29E-06
3749508,FALSE POSITIVE,1.00178389,0.998369958,0.999999725,0.003413932,5.57E-07
3749978,CONFIRMED,1.000395084,0.999551809,1.000010829,0.000843275,1.48E-08
3750350,FALSE POSITIVE,1.00007402,0.999961689,1.000002582,0.000112331,3.65E-10
3751231,FALSE POSITIVE,1.000297962,0.999561904,1.000005142,0.000736057,1.02E-08
3755522,FALSE POSITIVE,1.000055976,0.999940878,1.000000383,0.000115097,2.04E-10
3756264,CONFIRMED,1.000224061,0.999781395,1.000004028,0.000442666,3.37E-09
3757407,FALSE POSITIVE,1.000281393,0.999672497,1.000000116,0.000608897,2.41E-08
3757588,FALSE POSITIVE,1.001035827,0.99630428,0.999941767,0.004731547,1.74E-07
3757590,FALSE POSITIVE,1.003440612,0.998826765,1.000038513,0.004613847,1.01E-07
3757778,FALSE POSITIVE,1.000911893,0.961003025,0.999553066,0.039908868,1.16E-05
3761319,FALSE POSITIVE,1.000514746,0.999317306,1.000002712,0.001197441,1.93E-08
3762468,CONFIRMED,1.0043436,0.995063869,0.999777841,0.009279731,1.81E-06
3762553,FALSE POSITIVE,1.003811955,0.984021902,0.999816597,0.019790053,1.67E-06
3763724,FALSE POSITIVE,1.000373355,0.999773128,1.000006508,0.000600226,4.06E-09
3764411,FALSE POSITIVE,1.000421811,0.999725352,1.000004605,0.000696458,9.64E-09
3764714,FALSE POSITIVE,1.00030636,0.999287301,0.999995047,0.001019059,1.28E-08
3765771,FALSE POSITIVE,1.000221262,0.999724075,0.999993912,0.000497187,4.71E-09
3766353,FALSE POSITIVE,1.003404322,0.997345596,0.999885125,0.006058726,1.69E-06
3830820,FALSE POSITIVE,1.000430655,0.991478354,0.999838868,0.008952301,8.98E-07
3831053,CONFIRMED,1.000775221,0.998926735,1.000000562,0.001848486,8.64E-09
3831523,FALSE POSITIVE,1.000189032,0.999774783,1.000000106,0.000414249,3.71E-09
3831911,FALSE POSITIVE,1.016542699,0.984776418,1.00003971,0.031766281,3.69E-05
3832474,CONFIRMED,1.002303108,0.969903828,0.999388917,0.03239928,1.33E-05
3832716,FALSE POSITIVE,1.000009642,0.963439777,0.990995518,0.036569865,0.000123253
3833007,CONFIRMED,1.000098558,0.999716834,0.999999868,0.000381724,2.24E-09
3834317,FALSE POSITIVE,1.000110382,0.999817439,0.999999075,0.000292943,2.25E-09
3834322,FALSE POSITIVE,1.000456463,0.999301859,1.000005824,0.001154604,1.59E-08
3834360,FALSE POSITIVE,1.000183231,0.99980396,1.000003203,0.000379271,3.73E-09
3834364,FALSE POSITIVE,1.00852563,0.988558104,0.998825049,0.019967526,1.49E-05
3835670,CONFIRMED,1.000087709,0.999714678,0.99999868,0.000373031,6.70E-10
3836375,FALSE POSITIVE,1.000472152,0.999357757,1.00000359,0.001114395,2.24E-08
3836399,FALSE POSITIVE,1.000562089,0.998406827,0.999926832,0.002155262,8.56E-08
3836413,FALSE POSITIVE,1.00430855,0.984703897,0.998547409,0.019604653,1.24E-05
3836439,FALSE POSITIVE,1.004177627,0.983737716,0.99681999,0.020439911,3.10E-05
3836450,FALSE POSITIVE,1.000173641,0.999374586,1.000000804,0.000799055,3.08E-09
3836453,FALSE POSITIVE,1.00098729,0.995276662,0.999955284,0.005710627,2.08E-07
3836509,FALSE POSITIVE,1.000435261,0.999556079,0.999998881,0.000879181,2.15E-08
3836522,FALSE POSITIVE,1.000214722,0.999748752,1.000000892,0.00046597,3.61E-09
3836558,FALSE POSITIVE,1.027088042,0.996374101,1.000105625,0.030713941,2.43E-06
3838004,FALSE POSITIVE,1.000765201,0.999251678,0.999999268,0.001513524,4.86E-08
3838486,FALSE POSITIVE,1.000461405,0.996174342,0.99999398,0.004287063,7.71E-08
3838496,FALSE POSITIVE,1.009115406,0.869461058,0.987610027,0.139654348,0.0007505
3839294,FALSE POSITIVE,1.000312924,0.999674958,1.000000027,0.000637966,1.08E-08
3839488,CONFIRMED,1.000135021,0.999816837,1.000002805,0.000318184,1.08E-09
3846515,FALSE POSITIVE,1.000222256,0.999238235,0.999996144,0.000984021,2.01E-09
3847138,CONFIRMED,1.000167287,0.999655777,1.000002447,0.00051151,2.82E-09
3847708,FALSE POSITIVE,1.00021826,0.999217837,0.999999139,0.001000422,3.06E-09
3847907,CONFIRMED,1.000144103,0.999238633,0.999928311,0.00090547,4.01E-08
3848275,CONFIRMED,1.000264334,0.999707321,1.000010295,0.000557013,7.66E-09
3848665,FALSE POSITIVE,1.000952985,0.999070343,1.000014587,0.001882642,6.41E-08
3848919,FALSE POSITIVE,1.015211276,0.92549448,0.959998681,0.089716796,0.000216999
3848948,FALSE POSITIVE,1.000517011,0.997599065,0.999998629,0.002917945,1.80E-08
3848972,FALSE POSITIVE,1.000406165,0.999495734,0.999927126,0.000910431,9.16E-09
3849155,FALSE POSITIVE,1.000141029,0.999876331,1.000001299,0.000264698,1.57E-09
3851130,FALSE POSITIVE,1.000673638,0.998525893,0.999998494,0.002147746,1.94E-08
3851134,FALSE POSITIVE,1.000308629,0.999504681,0.999999231,0.000803948,1.43E-08
3851193,FALSE POSITIVE,1.00660052,0.972246035,0.991173211,0.034354485,0.000105516
3851194,FALSE POSITIVE,1.000111346,0.999910861,1.000002737,0.000200485,9.45E-10
3851949,FALSE POSITIVE,1.000506425,0.992248656,0.999844545,0.008257768,9.58E-07
3852258,FALSE POSITIVE,1.000875715,0.998285833,0.99999606,0.002589882,8.10E-08
3852476,FALSE POSITIVE,1.000116776,0.999906725,1.000001048,0.000210052,1.53E-09
3852655,CONFIRMED,1.000361735,0.999811614,1.000002518,0.000550121,1.47E-09
3852865,FALSE POSITIVE,1.000111672,0.999875813,1.000002063,0.000235859,1.31E-09
3853673,FALSE POSITIVE,1.000197103,0.999764374,1.000003308,0.000432729,5.01E-09
3854101,FALSE POSITIVE,1.000249713,0.998961903,1.000004395,0.00128781,7.14E-09
3857860,FALSE POSITIVE,1.00008417,0.999945159,1.000000773,0.000139011,3.61E-10
3858704,FALSE POSITIVE,1.000083452,0.999927577,1.000001657,0.000155874,6.90E-10
3858757,FALSE POSITIVE,1.000496232,0.999390682,1.000006349,0.00110555,1.48E-08
3858767,FALSE POSITIVE,1.000150548,0.999858401,1.000003625,0.000292147,2.14E-09
3858804,FALSE POSITIVE,1.007218871,0.997168406,1.000050483,0.010050465,2.79E-07
3858824,FALSE POSITIVE,1.000348069,0.999266555,0.999999393,0.001081513,1.79E-08
3858851,FALSE POSITIVE,1.000533665,0.99760699,0.999962367,0.002926676,9.32E-08
3858879,FALSE POSITIVE,1.000316909,0.998786581,0.999986876,0.001530328,3.27E-08
3858884,FALSE POSITIVE,1.000015577,0.825000053,0.993061406,0.175015524,0.000944349
3858917,FALSE POSITIVE,1.000510977,0.995827221,0.999963872,0.004683756,8.79E-08
3858919,FALSE POSITIVE,1.000516213,0.999514464,1.000017201,0.001001749,1.61E-08
3858926,FALSE POSITIVE,1.000173161,0.999865546,0.999999555,0.000307615,2.40E-09
3858943,FALSE POSITIVE,1.000209961,0.999826281,1.000002378,0.000383679,3.76E-09
3858949,FALSE POSITIVE,1.000262456,0.999700407,1.000003111,0.000562048,4.81E-09
3858988,FALSE POSITIVE,1.014629429,0.98680602,1.000154408,0.027823409,3.58E-06
3859042,FALSE POSITIVE,1.000430982,0.999663864,1.000011124,0.000767118,1.17E-08
3859079,CONFIRMED,1.000196615,0.99970553,1.000002979,0.000491085,5.36E-09
3859151,FALSE POSITIVE,1.000194613,0.999844314,1.000001949,0.000350299,3.31E-09
3859363,FALSE POSITIVE,1.001418029,0.997167113,0.999993426,0.004250917,4.37E-08
3859628,CONFIRMED,1.000260864,0.999733515,1.00000568,0.000527349,5.72E-09
3859890,FALSE POSITIVE,1.000099023,0.99988782,1.000002368,0.000211203,1.14E-09
3860441,FALSE POSITIVE,1.000267527,0.999648293,0.999995717,0.000619234,9.34E-09
3861595,CONFIRMED,1.000045341,0.99944052,0.999984731,0.000604821,4.39E-09
3861611,FALSE POSITIVE,1.000614729,0.999510157,1.000013808,0.001104572,2.40E-08
3862246,FALSE POSITIVE,1.000654634,0.998818331,0.999960499,0.001836303,4.82E-08
3865298,FALSE POSITIVE,1.002831348,0.919229593,0.992364424,0.083601754,0.000459702
3865567,FALSE POSITIVE,1.000313097,0.999341992,0.999998775,0.000971105,1.29E-08
3865595,FALSE POSITIVE,1.002255811,0.997517217,1.000009829,0.004738594,8.46E-08
3866536,FALSE POSITIVE,1.000201,0.999786283,1.000000479,0.000414717,1.45E-09
3867593,FALSE POSITIVE,1.008593852,0.959988603,0.999744739,0.048605249,1.39E-05
3867615,CONFIRMED,1.000073258,0.999934484,1.00000173,0.000138774,7.05E-10
3869014,CONFIRMED,1.000240348,0.999767514,1.000004987,0.000472834,3.07E-09
3869326,FALSE POSITIVE,1.000367998,0.999574834,0.999997308,0.000793164,1.86E-08
3869825,FALSE POSITIVE,1.00261462,0.993559399,0.999613257,0.009055221,2.80E-06
3935914,CONFIRMED,1.00161114,0.997552811,0.999606322,0.004058328,6.02E-07
3936658,FALSE POSITIVE,1.000043286,0.999948917,0.999999316,9.44E-05,2.62E-10
3937519,CONFIRMED,1.000413334,0.995919338,0.99987281,0.004493996,1.88E-07
3937814,CONFIRMED,1.000222126,0.999782599,1.000005822,0.000439527,4.76E-09
3938073,FALSE POSITIVE,1.000881077,0.967087299,0.999306958,0.033793778,1.87E-05
3939150,CONFIRMED,1.000083113,0.999744033,1.000001273,0.00033908,1.07E-09
3940418,CONFIRMED,1.000493117,0.999286705,1.000003864,0.001206412,1.24E-08
3941219,FALSE POSITIVE,1.000107915,0.999866885,0.999999308,0.00024103,1.79E-09
3942670,CONFIRMED,1.000116882,0.999816131,1.000001757,0.000300751,1.04E-09
3945802,FALSE POSITIVE,1.00053511,0.99981524,1.000005761,0.000719869,3.77E-09
3946023,FALSE POSITIVE,1.000146524,0.999851295,1.000001965,0.00029523,4.93E-10
3952651,FALSE POSITIVE,1.000208391,0.999417652,1.000003492,0.000790739,4.70E-09
3953106,FALSE POSITIVE,1.006148185,0.947372548,0.997491412,0.058775637,8.48E-05
3953173,FALSE POSITIVE,1.001641807,0.998659562,1.000006676,0.002982246,2.08E-08
3953212,FALSE POSITIVE,1.000176461,0.999744095,1.00000132,0.000432365,4.20E-09
3954211,FALSE POSITIVE,1.001402838,0.994490123,0.998522019,0.006912715,2.78E-06
3954227,FALSE POSITIVE,1.018946699,0.962196846,0.985487656,0.056749852,0.000117155
3955817,CONFIRMED,1.000247722,0.999830981,1.000007942,0.000416741,4.78E-09
3955866,FALSE POSITIVE,1.000826713,0.996723052,0.999987679,0.004103661,4.98E-08
3955867,FALSE POSITIVE,1.051345239,0.979361847,0.999926278,0.071983392,1.56E-05
3957082,FALSE POSITIVE,1.000182686,0.999875159,1.000002178,0.000307527,7.90E-10
3958301,FALSE POSITIVE,1.000495146,0.998409971,1.000007975,0.002085176,1.75E-08
3962243,CONFIRMED,1.000321767,0.999126657,1.000004455,0.00119511,8.76E-09
3962357,CONFIRMED,1.000134241,0.999841875,1.000002944,0.000292366,2.09E-09
3962684,FALSE POSITIVE,1.000142115,0.99989413,1.000004567,0.000247985,1.96E-09
3962728,FALSE POSITIVE,1.000561698,0.999692589,1.000007861,0.000869109,1.37E-08
3962751,FALSE POSITIVE,1.000261448,0.999823304,1.000007324,0.000438143,5.12E-09
3962872,FALSE POSITIVE,1.000128181,0.999857684,1.000002122,0.000270498,1.56E-09
3964109,CONFIRMED,1.000092106,0.999877207,1.000001356,0.000214899,8.42E-10
3964545,FALSE POSITIVE,1.009924406,0.957579017,0.994849231,0.052345389,0.000119304
3964562,FALSE POSITIVE,1.00034152,0.999259982,1.000002049,0.001081538,6.27E-09
3965326,FALSE POSITIVE,1.000122508,0.999788189,0.99999677,0.000334319,7.49E-10
3965879,FALSE POSITIVE,1.001482691,0.998794341,0.999997765,0.00268835,3.18E-07
3966262,FALSE POSITIVE,1.001882161,0.996879442,0.999997594,0.005002719,2.47E-07
3966801,CONFIRMED,1.000205053,0.9996485,1.00000209,0.000556553,4.55E-09
3966912,FALSE POSITIVE,1.000386539,0.997396936,0.999992451,0.002989603,4.19E-08
3967326,CONFIRMED,1.002497279,0.982984717,0.999862448,0.019512562,1.79E-06
3967501,FALSE POSITIVE,1.01392414,0.996154847,1.000053355,0.017769292,1.27E-06
3967760,CONFIRMED,1.001584966,0.997860699,0.999992118,0.003724268,8.02E-08
3969687,CONFIRMED,1.000059144,0.999876878,1.000000811,0.000182266,5.00E-10
3970117,FALSE POSITIVE,1.00307453,0.870882952,0.999309262,0.132191578,6.65E-05
3970233,FALSE POSITIVE,1.000771352,0.991193905,0.999572885,0.009577447,2.64E-06
3970397,FALSE POSITIVE,1.000689405,0.999894176,1.000005937,0.000795228,3.41E-09
3971315,FALSE POSITIVE,1.000117667,0.998791381,0.999939046,0.001326286,5.05E-08
3972391,FALSE POSITIVE,1.000704447,0.998909073,1.00000292,0.001795375,3.54E-08
3973002,FALSE POSITIVE,1.003531862,0.982336674,0.996821339,0.021195188,3.13E-05
3973504,FALSE POSITIVE,1.011564967,0.9868988,0.999041635,0.024666166,1.01E-05
3973549,FALSE POSITIVE,1.000391746,0.999444284,0.999984997,0.000947462,1.11E-08
4035640,CONFIRMED,1.001446762,0.998889967,1.00000723,0.002556796,4.73E-08
4035667,FALSE POSITIVE,1.003016114,0.997044444,1.000008106,0.00597167,9.75E-07
4035675,FALSE POSITIVE,1.012034774,0.987155823,0.99935053,0.024878951,1.35E-05
4037163,FALSE POSITIVE,1.008306939,0.973447156,0.991816423,0.034859783,5.69E-05
4037164,FALSE POSITIVE,1.000608895,0.999096201,0.999829565,0.001512694,5.41E-08
4037428,FALSE POSITIVE,1.003326677,0.99603691,0.999720711,0.007289766,1.12E-06
4042026,FALSE POSITIVE,1.000391894,0.988173029,0.999846287,0.012218865,1.35E-06
4042088,FALSE POSITIVE,1.000288802,0.999591838,1.000001334,0.000696964,1.08E-08
4043190,CONFIRMED,1.000069558,0.999922427,1.000001391,0.000147131,5.08E-10
4043443,FALSE POSITIVE,1.000346874,0.998905094,1.000003303,0.00144178,1.04E-08
4044005,FALSE POSITIVE,1.000502166,0.999179196,0.999980086,0.00132297,1.36E-08
4049108,FALSE POSITIVE,1.000136993,0.999721983,1.000000667,0.00041501,3.25E-09
4049124,FALSE POSITIVE,1.001506723,0.975188523,0.997688261,0.026318199,4.21E-05
4049131,CONFIRMED,1.001422,0.987106069,0.99989563,0.014315931,1.03E-06
4055092,FALSE POSITIVE,1.000253238,0.997883425,0.999981646,0.002369813,4.37E-08
4055304,CONFIRMED,1.004589908,0.994613019,1.000007931,0.009976889,2.78E-07
4055774,FALSE POSITIVE,1.000289909,0.999769769,1.000007538,0.00052014,6.96E-09
4056579,FALSE POSITIVE,1.000323794,0.999670689,1.000000081,0.000653105,6.76E-09
4056616,CONFIRMED,1.001131928,0.997466617,0.999987794,0.003665311,4.03E-08
4058169,FALSE POSITIVE,1.00005576,0.999866162,1.000001094,0.000189598,5.35E-10
4058881,FALSE POSITIVE,1.000280632,0.999719121,1.000007828,0.000561511,7.42E-09
4059887,FALSE POSITIVE,1.000213287,0.999939009,1.000002758,0.000274278,7.53E-10
4060815,FALSE POSITIVE,1.000091274,0.999879171,1.00000067,0.000212104,1.11E-09
4061149,CONFIRMED,1.000571017,0.999219765,1.000009437,0.001351253,2.19E-08
4067110,FALSE POSITIVE,1.000338837,0.999588594,0.999999236,0.000750242,2.13E-08
4067336,FALSE POSITIVE,1.000356368,0.999694723,1.000007235,0.000661644,9.37E-09
4067549,FALSE POSITIVE,1.000689741,0.987843584,0.999176492,0.012846157,5.95E-06
4067925,CONFIRMED,1.000625393,0.999208015,1.000009628,0.001417378,1.25E-08
4068391,FALSE POSITIVE,1.001284563,0.990347469,0.999967268,0.010937094,2.48E-07
4069063,FALSE POSITIVE,1.000350376,0.999421381,0.999748899,0.000928995,1.29E-08
4069213,FALSE POSITIVE,1.000394033,0.983076847,0.998465906,0.017317185,1.76E-05
4070376,FALSE POSITIVE,1.00398598,0.993786404,0.999315722,0.010199576,6.53E-06
4072333,FALSE POSITIVE,1.000381211,0.999720766,1.000007698,0.000660445,9.53E-09
4072526,CONFIRMED,1.000597309,0.999394234,1.000008244,0.001203075,1.10E-08
4073089,FALSE POSITIVE,1.00072433,0.773552018,0.99827099,0.227172312,0.00029337
4073707,FALSE POSITIVE,1.013541124,0.920404837,0.99212605,0.093136287,0.000401384
4073730,FALSE POSITIVE,1.000184007,0.998789607,0.99991932,0.0013944,6.06E-08
4074294,FALSE POSITIVE,1.000090933,0.999933744,1.000001123,0.000157189,4.58E-10
4075015,FALSE POSITIVE,1.000313861,0.999734798,1.000010508,0.000579063,8.40E-09
4075064,FALSE POSITIVE,1.001163549,0.941513729,0.999379247,0.059649821,2.18E-05
4076098,CONFIRMED,1.00037679,0.998685161,0.999930644,0.001691629,7.89E-08
4076952,FALSE POSITIVE,1.008090886,0.878627368,0.989114221,0.129463518,0.000843685
4076976,FALSE POSITIVE,1.001471664,0.99513564,0.99997416,0.006336024,1.27E-07
4077252,FALSE POSITIVE,1.000270574,0.999182977,0.999994932,0.001087597,9.50E-09
4077526,CONFIRMED,1.000281855,0.999782502,1.000008554,0.000499353,5.46E-09
4077767,FALSE POSITIVE,1.000466376,0.999245063,1.000014564,0.001221313,1.84E-08
4077901,FALSE POSITIVE,1.000064854,0.999914191,1.000000862,0.000150663,5.04E-10
4078157,FALSE POSITIVE,1.00091065,0.992860078,0.999888789,0.008050572,6.77E-07
4078311,CONFIRMED,1.00032732,0.999639423,1.0000075,0.000687897,9.88E-09
4078693,FALSE POSITIVE,1.000579656,0.999446779,0.999954752,0.001132877,3.33E-08
4079530,FALSE POSITIVE,1.001707638,0.965644926,0.999123089,0.036062712,2.40E-05
4079535,FALSE POSITIVE,1.000517231,0.992302857,0.999922436,0.008214374,4.15E-07
4135665,CONFIRMED,1.000212663,0.999666815,1.000008431,0.000545849,3.94E-09
4136466,CONFIRMED,1.000076308,0.999925742,1.000003056,0.000150566,7.82E-10
4136659,FALSE POSITIVE,1.000113212,0.99984022,1.000001405,0.000272992,1.07E-09
4138008,CONFIRMED,1.000198293,0.999744299,1.000006227,0.000453993,2.94E-09
4138557,FALSE POSITIVE,1.001359562,0.998050856,0.999950482,0.003308706,6.40E-07
4138951,CONFIRMED,1.000110449,0.999914282,1.000003762,0.000196167,1.09E-09
4139816,CONFIRMED,1.000598861,0.999398812,1.000001943,0.001200049,2.23E-08
4140813,CONFIRMED,1.00059604,0.999441178,1.000016008,0.001154862,1.73E-08
4141376,CONFIRMED,1.000035745,0.999899633,0.999996977,0.000136112,2.64E-10
4141587,FALSE POSITIVE,1.000703737,0.999403024,0.999995313,0.001300712,6.11E-08
4142768,FALSE POSITIVE,1.006341523,0.99207895,0.99991025,0.014262573,2.51E-06
4142847,CONFIRMED,1.000816248,0.99859462,1.000001976,0.002221628,3.19E-08
4143755,CONFIRMED,1.000046961,0.999866408,0.999998125,0.000180553,3.63E-10
4144231,FALSE POSITIVE,1.000259254,0.99870051,0.999987632,0.001558744,2.68E-08
4144236,FALSE POSITIVE,1.000599973,0.95408846,0.998995452,0.046511514,4.11E-05
4144238,FALSE POSITIVE,1.001553081,0.998669017,1.000000247,0.002884063,1.07E-07
4144576,CONFIRMED,1.001114753,0.988103863,0.999929438,0.013010889,6.10E-07
4144873,FALSE POSITIVE,1.000489617,0.999514285,0.999997294,0.000975332,2.70E-08
4147171,FALSE POSITIVE,1.000242499,0.999783621,1.000008003,0.000458878,5.60E-09
4149060,FALSE POSITIVE,1.000202371,0.999829487,1.000005176,0.000372884,3.74E-09
4149450,CONFIRMED,1.000091846,0.999745339,0.999999894,0.000346507,7.80E-10
4149684,FALSE POSITIVE,1.003402453,0.9815651,0.997864443,0.021837353,2.26E-05
4150390,FALSE POSITIVE,1.000306767,0.998740781,0.999996958,0.001565986,1.68E-08
4150496,FALSE POSITIVE,1.000226524,0.99976971,1.000007124,0.000456814,5.18E-09
4150539,FALSE POSITIVE,1.000424887,0.999465375,1.000002468,0.000959511,1.27E-08
4150611,FALSE POSITIVE,1.000067582,0.987692155,0.999360193,0.012375427,4.74E-06
4150624,FALSE POSITIVE,1.000274349,0.999804952,1.00000724,0.000469396,4.39E-09
4150701,FALSE POSITIVE,1.00071346,0.99961551,1.000006528,0.001097949,1.51E-08
4150703,FALSE POSITIVE,1.000526327,0.999309099,1.000001796,0.001217228,1.16E-08
4150804,CONFIRMED,1.000118288,0.999915973,1.000002409,0.000202315,6.21E-10
4155328,CONFIRMED,1.000195876,0.998778451,0.999998908,0.001417425,9.15E-09
4157052,FALSE POSITIVE,1.000302172,0.999738246,0.999988484,0.000563927,5.07E-09
4157325,CONFIRMED,1.000256036,0.999133694,0.999988551,0.001122343,8.75E-09
4157488,FALSE POSITIVE,1.002907916,0.970837861,0.995253352,0.032070055,8.98E-05
4159347,FALSE POSITIVE,1.000275843,0.999769382,1.000000701,0.000506461,6.80E-09
4160006,FALSE POSITIVE,1.036775089,0.852535008,0.948639167,0.18424008,0.002839153
4160669,FALSE POSITIVE,1.136168957,0.767201006,0.996158302,0.36896795,0.001163599
4164393,FALSE POSITIVE,1.000449958,0.998409406,1.00000592,0.002040551,1.71E-08
4164922,CONFIRMED,1.003195552,0.999658628,1.000029639,0.003536924,5.98E-08
4164994,CONFIRMED,1.00165402,0.996494887,0.999909803,0.005159132,3.62E-07
4165473,CONFIRMED,1.000360907,0.996350574,0.999975237,0.004010333,6.70E-08
4165960,FALSE POSITIVE,1.000140858,0.999793283,1.000000513,0.000347575,2.37E-09
4169315,FALSE POSITIVE,1.000606605,0.999196864,1.000005007,0.001409741,1.91E-08
4171955,FALSE POSITIVE,1.000167363,0.999855186,1.000004571,0.000312177,1.92E-09
4173026,CONFIRMED,1.002187791,0.998360928,1.000006721,0.003826863,7.60E-08
4174507,FALSE POSITIVE,1.000951844,0.997501034,0.9997213,0.00345081,3.72E-07
4175105,FALSE POSITIVE,1.000187053,0.999806675,1.000003441,0.000380378,2.27E-09
4175630,CONFIRMED,1.003020322,0.997941032,1.000013402,0.00507929,8.62E-08
4178606,CONFIRMED,1.00025533,0.999775214,0.999999999,0.000480116,6.22E-09
4179201,FALSE POSITIVE,1.000161434,0.999805713,1.000004382,0.000355721,3.14E-09
4180280,CONFIRMED,1.000169798,0.999729592,0.999998921,0.000440205,2.03E-09
4180396,FALSE POSITIVE,1.001347408,0.997726029,0.999997683,0.003621378,5.61E-07
4180401,FALSE POSITIVE,1.005315575,0.983331174,0.999865999,0.021984401,1.76E-06
4242692,CONFIRMED,1.000199197,0.999840161,1.000001928,0.000359037,1.36E-09
4242806,FALSE POSITIVE,1.000626238,0.999392404,1.000005319,0.001233834,6.24E-09
4243911,CONFIRMED,1.00199919,0.998329946,1.000000999,0.003669244,5.13E-08
4245861,FALSE POSITIVE,1.000449095,0.999635155,1.000005479,0.00081394,1.10E-08
4245897,FALSE POSITIVE,1.073636171,0.379131184,0.967682971,0.694504987,0.013198224
4245933,FALSE POSITIVE,1.00740034,0.999190062,1.000053035,0.008210277,3.02E-07
4246343,FALSE POSITIVE,1.000121693,0.999926928,1.000003216,0.000194765,7.10E-10
4247023,FALSE POSITIVE,1.002046977,0.843965397,0.997400435,0.158081581,0.000275061
4247092,FALSE POSITIVE,1.00015673,0.999808999,1.000002545,0.000347731,1.70E-09
4247791,FALSE POSITIVE,1.000004263,0.97445656,0.99665706,0.025547704,3.79E-05
4247807,FALSE POSITIVE,1.000791557,0.994459555,0.999431022,0.006332002,1.45E-06
4247811,FALSE POSITIVE,1.000196497,0.999566998,1.000001081,0.000629499,2.65E-09
4248120,CONFIRMED,1.000258675,0.999791672,1.000008513,0.000467002,4.81E-09
4249725,CONFIRMED,1.000949298,0.999615136,0.999996352,0.001334162,1.09E-08
4252226,FALSE POSITIVE,1.000821803,0.965448238,0.998950155,0.035373565,2.33E-05
4253860,FALSE POSITIVE,1.000299687,0.999630577,1.000002607,0.00066911,1.23E-08
4254466,CONFIRMED,1.000162557,0.999886555,1.000002711,0.000276002,2.14E-09
4255422,FALSE POSITIVE,1.000090018,0.999192374,0.999987474,0.000897644,6.79E-09
4261960,FALSE POSITIVE,1.001288245,0.996399924,0.999818953,0.004888321,4.14E-07
4262581,CONFIRMED,1.000154183,0.999810929,1.000003581,0.000343254,1.72E-09
4263293,CONFIRMED,1.003976943,0.997974141,1.000019919,0.006002802,2.82E-07
4269252,FALSE POSITIVE,1.000684646,0.999223062,1.000000351,0.001461584,5.31E-08
4270253,CONFIRMED,1.000166502,0.999841176,1.000003864,0.000325326,2.83E-09
4270565,FALSE POSITIVE,1.000178883,0.999689568,1.000002962,0.000489315,3.08E-09
4271474,CONFIRMED,1.0014112,0.998666666,1.000008965,0.002744533,6.97E-08
4274816,FALSE POSITIVE,1.000121514,0.999868918,1.000001446,0.000252595,1.21E-09
4275117,FALSE POSITIVE,1.000142698,0.99988098,1.000003573,0.000261718,2.37E-09
4275191,CONFIRMED,1.000364327,0.998479716,0.999866343,0.001884611,1.70E-07
4275328,FALSE POSITIVE,1.000118518,0.99916347,0.999968883,0.000955048,1.52E-08
4275721,CONFIRMED,1.0001539,0.998924354,0.999999703,0.001229546,5.51E-09
4275739,FALSE POSITIVE,1.007029927,0.976147496,0.998807172,0.030882431,9.04E-06
4276114,FALSE POSITIVE,1.011551771,0.990935758,0.999216117,0.020616013,5.84E-06
4276445,FALSE POSITIVE,1.000259131,0.99969044,1.00000326,0.000568691,4.68E-09
4278221,CONFIRMED,1.001095916,0.99588991,0.999996206,0.005206006,9.51E-08
4281023,FALSE POSITIVE,1.000267165,0.999680883,1.000001701,0.000586282,5.70E-09
4281068,FALSE POSITIVE,1.002301714,0.997146679,0.999922979,0.005155035,2.44E-06
4281700,FALSE POSITIVE,1.00018588,0.999816221,1.000004069,0.000369659,3.51E-09
4281895,FALSE POSITIVE,1.000657107,0.987869504,0.998941668,0.012787603,1.02E-05
4282191,CONFIRMED,1.000142425,0.999260194,0.999997204,0.000882231,4.87E-09
4282872,CONFIRMED,1.000224863,0.99919674,0.999974342,0.001028123,2.10E-08
4284147,FALSE POSITIVE,1.000426738,0.999598399,1.000009553,0.000828339,1.67E-08
4284980,FALSE POSITIVE,1.000540841,0.999203009,1.00000773,0.001337832,1.39E-08
4285087,FALSE POSITIVE,1.005715476,0.943687151,0.989231402,0.062028325,0.000400948
4285107,FALSE POSITIVE,1.000206238,0.999879833,1.000002775,0.000326405,1.41E-09
4346178,CONFIRMED,1.009367434,0.972414059,0.999831108,0.036953375,4.46E-06
4346875,FALSE POSITIVE,1.005385447,0.959165399,0.996226852,0.046220048,0.000103566
4349452,CONFIRMED,1.000045231,0.999804116,0.999994918,0.000241116,7.44E-10
4349935,FALSE POSITIVE,1.002314562,0.997860345,1.000002512,0.004454217,2.87E-08
4352168,FALSE POSITIVE,1.002231195,0.878629852,0.993878309,0.123601343,0.000490884
4355503,FALSE POSITIVE,1.00397155,0.997884676,1.000127386,0.006086875,4.68E-07
4356621,FALSE POSITIVE,1.00015299,0.999860378,1.000001973,0.000292613,2.17E-09
4356766,FALSE POSITIVE,1.002855234,0.973620437,0.99684646,0.029234796,3.85E-05
4357985,FALSE POSITIVE,1.0002419,0.999821682,1.000008167,0.000420217,4.69E-09
4365442,FALSE POSITIVE,1.000083285,0.999930464,1.00000151,0.00015282,4.82E-10
4365461,FALSE POSITIVE,1.00317018,0.970304981,0.992781693,0.032865198,0.000126796
4365645,CONFIRMED,1.000155099,0.999793701,1.000001971,0.000361399,1.62E-09
4366923,FALSE POSITIVE,1.000738308,0.999822136,1.000010431,0.000916172,7.40E-09
4367528,FALSE POSITIVE,1.000290359,0.999464837,1.000006279,0.000825522,5.87E-09
4367544,FALSE POSITIVE,1.002858413,0.995973263,0.999531931,0.00688515,1.90E-06
4370527,CONFIRMED,1.000903931,0.999492852,1.000015463,0.001411079,2.33E-08
4371172,FALSE POSITIVE,1.001942037,0.996113932,0.999999655,0.005828105,4.58E-07
4372410,FALSE POSITIVE,1.000916076,0.998954364,0.999999397,0.001961712,1.98E-07
4372765,FALSE POSITIVE,1.004006238,0.900241894,0.996143545,0.103764344,0.000221528
4372768,FALSE POSITIVE,1.000349968,0.999676077,1.000009273,0.000673891,9.35E-09
4372961,FALSE POSITIVE,1.000159877,0.999797026,1.000000755,0.000362851,3.91E-09
4373195,FALSE POSITIVE,1.000011509,0.999935627,0.999999092,7.59E-05,4.04E-11
4374339,FALSE POSITIVE,1.000107856,0.999892498,1.000001235,0.000215358,1.59E-09
4374610,FALSE POSITIVE,1.000223365,0.999670884,1.0000026,0.000552481,6.65E-09
4375101,FALSE POSITIVE,1.001289531,0.873559983,0.998052633,0.127729547,0.000170172
4376629,FALSE POSITIVE,1.000140324,0.999875311,1.000002635,0.000265013,1.01E-09
4376644,FALSE POSITIVE,1.000128572,0.999534149,0.999995315,0.000594424,3.79E-09
4380283,FALSE POSITIVE,1.010684981,0.938511967,0.976282879,0.072173014,0.000440489
4380560,FALSE POSITIVE,1.000607304,0.999367173,1.000003182,0.001240131,1.40E-08
4381282,FALSE POSITIVE,1.000391473,0.999672343,1.000009455,0.00071913,8.78E-09
4381429,CONFIRMED,1.000579074,0.999636969,1.000009634,0.000942105,1.75E-08
4384652,FALSE POSITIVE,1.000149178,0.999883257,1.000003408,0.000265922,1.39E-09
4384675,FALSE POSITIVE,1.00019606,0.998931108,1.000001684,0.001264953,6.33E-09
4384793,FALSE POSITIVE,1.007792435,0.998483515,1.000056679,0.009308919,3.17E-07
4386047,FALSE POSITIVE,1.005047922,0.957321182,0.994934009,0.04772674,0.000131525
4386059,FALSE POSITIVE,1.000105907,0.99990361,1.000002664,0.000202296,1.21E-09
4386607,FALSE POSITIVE,1.00041388,0.999583004,1.000010636,0.000830876,9.95E-09
4390912,FALSE POSITIVE,1.000585055,0.999570939,1.000002191,0.001014117,2.89E-08
4391348,FALSE POSITIVE,1.000223981,0.999829113,1.000005465,0.000394868,4.17E-09
4445630,FALSE POSITIVE,1.009718065,0.867066962,0.979663773,0.142651103,0.001803817
4446411,FALSE POSITIVE,1.008188066,0.991276229,0.999993003,0.016911837,1.64E-05
4449034,FALSE POSITIVE,1.000531021,0.999513049,1.000000818,0.001017972,8.00E-09
4449752,FALSE POSITIVE,1.000248838,0.999841676,1.0000023,0.000407161,1.43E-09
4454219,FALSE POSITIVE,1.007049621,0.982535743,0.996799799,0.024513878,4.06E-05
4454752,CONFIRMED,1.016067128,0.998057638,1.000097222,0.01800949,1.06E-06
4454934,CONFIRMED,1.000263203,0.99986357,1.000003673,0.000399634,1.88E-09
4455231,CONFIRMED,1.000213207,0.999746343,1.000001824,0.000466863,4.36E-09
4455763,FALSE POSITIVE,1.001235227,0.996207617,0.999382104,0.00502761,7.79E-07
4456622,FALSE POSITIVE,1.003365675,0.993994248,0.999067111,0.009371427,2.61E-06
4458082,CONFIRMED,1.000346932,0.999414811,0.999999811,0.000932121,1.15E-08
4458109,FALSE POSITIVE,1.000086327,0.999895895,0.999998761,0.000190432,8.48E-10
4459068,FALSE POSITIVE,1.000088669,0.999288599,0.999985855,0.000800069,7.86E-09
4459503,FALSE POSITIVE,1.000114595,0.999899661,1.000002468,0.000214934,1.08E-09
4459924,FALSE POSITIVE,1.000102681,0.999887672,1.000002051,0.000215009,1.11E-09
4464689,FALSE POSITIVE,1.000193611,0.999750756,0.999999509,0.000442855,3.73E-09
4466356,FALSE POSITIVE,1.000133945,0.999856528,1.000004356,0.000277417,1.63E-09
4466677,CONFIRMED,1.000160564,0.999850081,1.000005399,0.000310483,3.17E-09
4469825,FALSE POSITIVE,1.000212896,0.999819629,0.999999447,0.000393267,5.23E-09
4470888,FALSE POSITIVE,1.000277831,0.99980001,1.000006534,0.000477821,5.40E-09
4472143,FALSE POSITIVE,1.000098327,0.999782021,1.000001262,0.000316306,1.16E-09
4472818,CONFIRMED,1.00221457,0.999122332,1.000014989,0.003092239,3.60E-08
4473226,CONFIRMED,1.006827748,0.990736457,0.999939212,0.01609129,5.96E-07
4473613,CONFIRMED,1.003735108,0.998807654,1.000012588,0.004927454,6.01E-08
4474637,FALSE POSITIVE,1.027562506,0.576781224,0.98241299,0.450781282,0.003861228
4474645,FALSE POSITIVE,1.012103411,0.99651569,1.000030419,0.015587721,1.42E-06
4476123,CONFIRMED,1.000281432,0.999684461,1.00000746,0.000596972,8.36E-09
4476423,FALSE POSITIVE,1.0005936,0.99950871,1.000000049,0.001084889,2.58E-08
4478168,CONFIRMED,1.000078891,0.999872296,1.000000163,0.000206595,7.62E-10
4479633,FALSE POSITIVE,1.000138338,0.999806271,1.000003803,0.000332067,1.73E-09
4480676,FALSE POSITIVE,1.000850951,0.998461389,0.999685396,0.002389562,2.39E-07
4482738,FALSE POSITIVE,1.000220793,0.999767982,1.000000558,0.000452811,5.50E-09
4483138,CONFIRMED,1.000769824,0.998643243,1.000006014,0.002126581,1.31E-08
4483235,FALSE POSITIVE,1.000265655,0.999566235,0.999999492,0.00069942,1.26E-08
4484312,FALSE POSITIVE,1.000080755,0.999873995,1.000002527,0.00020676,6.63E-10
4484336,CONFIRMED,1.000188154,0.999896214,1.000004081,0.000291939,1.77E-09
4484356,FALSE POSITIVE,1.016088347,0.968567846,0.990578777,0.047520501,8.62E-05
4489844,FALSE POSITIVE,1.004687086,0.990174251,0.999958994,0.014512834,6.53E-07
4540508,FALSE POSITIVE,1.001060875,0.99898322,1.000016448,0.002077654,3.43E-08
4540632,FALSE POSITIVE,1.006763762,0.933836031,0.997905562,0.07292773,9.75E-05
4544571,FALSE POSITIVE,1.000443074,0.999271378,0.999949516,0.001171696,4.73E-08
4544572,FALSE POSITIVE,1.000467322,0.999437842,0.99999151,0.00102948,2.90E-08
4544620,FALSE POSITIVE,1.000378545,0.999555294,1.00000747,0.000823252,1.59E-08
4544623,FALSE POSITIVE,1.01491926,0.983919934,1.000062321,0.030999326,4.68E-06
4544628,FALSE POSITIVE,1.000154725,0.999873089,1.000000487,0.000281636,1.44E-09
4544684,FALSE POSITIVE,1.000222905,0.999843547,1.000005761,0.000379358,2.87E-09
4544907,CONFIRMED,1.000171732,0.999772033,1.000004389,0.000399698,2.22E-09
4545187,CONFIRMED,1.000173187,0.999718055,0.999993129,0.000455132,4.54E-09
4545570,CONFIRMED,1.000343938,0.999777433,1.000010368,0.000566505,7.07E-09
4545926,FALSE POSITIVE,1.000113932,0.999915513,1.000000992,0.000198419,7.50E-10
4547480,FALSE POSITIVE,1.001430673,0.99913048,0.999996879,0.002300193,4.06E-08
4548162,FALSE POSITIVE,1.000450583,0.999689714,1.000016266,0.000760869,9.72E-09
4551328,FALSE POSITIVE,1.0003774,0.999660531,0.999980241,0.000716869,1.13E-08
4551663,FALSE POSITIVE,1.000134943,0.999862438,1.000002007,0.000272504,1.44E-09
4556468,CONFIRMED,1.000189757,0.999795378,1.000003772,0.000394379,2.37E-09
4557341,FALSE POSITIVE,1.000786865,0.993768204,0.999886416,0.007018661,5.83E-07
4563268,CONFIRMED,1.000388889,0.99940594,0.999997167,0.000982949,3.27E-09
4565943,FALSE POSITIVE,1.000152829,0.999703217,0.999996469,0.000449612,1.15E-09
4565985,FALSE POSITIVE,1.009244175,0.998014151,1.000035454,0.011230024,4.59E-07
4566999,FALSE POSITIVE,1.000203902,0.99968589,1.000004553,0.000518012,3.02E-09
4568117,FALSE POSITIVE,1.000089895,0.999936681,1.000001523,0.000153214,5.21E-10
4568298,FALSE POSITIVE,1.000270712,0.999752069,1.000011641,0.000518643,8.66E-09
4569590,FALSE POSITIVE,1.018552244,0.993276448,1.00002821,0.025275797,2.12E-06
4569942,FALSE POSITIVE,1.000209953,0.999853857,1.000006115,0.000356096,2.71E-09
4570555,FALSE POSITIVE,1.000107316,0.999853497,0.999998119,0.000253819,2.22E-09
4570931,FALSE POSITIVE,1.000106789,0.99990083,1.000002656,0.000205959,7.52E-10
4570949,CONFIRMED,1.000210494,0.999421728,0.999870482,0.000788767,4.67E-08
4571004,FALSE POSITIVE,1.000440709,0.999703745,1.000004081,0.000736964,1.37E-08
4571536,FALSE POSITIVE,1.000310701,0.999725074,1.000008564,0.000585627,6.77E-09
4574310,FALSE POSITIVE,1.020418839,0.886149334,0.96079731,0.134269505,0.001585758
4574319,FALSE POSITIVE,1.000585901,0.999054319,1.000004534,0.001531582,1.76E-08
4575824,FALSE POSITIVE,1.000170033,0.99984507,1.000003755,0.000324963,1.86E-09
4577484,FALSE POSITIVE,1.00003596,0.999906309,0.999999309,0.000129651,1.92E-10
4578594,FALSE POSITIVE,1.000964467,0.925831182,0.999761121,0.075133285,1.53E-05
4579313,FALSE POSITIVE,1.000263187,0.999478813,0.999969692,0.000784373,1.68E-08
4579321,FALSE POSITIVE,1.013103104,0.94177649,0.991632879,0.071326614,0.000245686
4579598,FALSE POSITIVE,1.000437296,0.9994355,1.000002021,0.001001796,9.19E-09
4584865,FALSE POSITIVE,1.000216722,0.999850375,1.000001609,0.000366347,3.32E-09
4586482,FALSE POSITIVE,1.000615005,0.880902245,0.99934395,0.119712759,6.14E-05
4587448,FALSE POSITIVE,1.004975369,0.996564451,1.00000792,0.008410918,1.78E-06
4633434,FALSE POSITIVE,1.000903356,0.96210006,0.999256606,0.038803296,2.24E-05
4633570,CONFIRMED,1.000341612,0.999515719,0.99999985,0.000825894,5.50E-09
4634135,FALSE POSITIVE,1.000404294,0.992515059,0.999915536,0.007889235,5.30E-07
4636565,FALSE POSITIVE,1.000044508,0.999951386,0.999999896,9.31E-05,2.35E-10
4636578,CONFIRMED,1.000169881,0.9998043,1.00000069,0.000365581,2.98E-09
4639868,FALSE POSITIVE,1.000049407,0.999912169,1.000000172,0.000137238,3.96E-10
4644604,CONFIRMED,1.000285519,0.999770897,0.999999795,0.000514621,1.59E-09
4644952,CONFIRMED,1.002353725,0.992228441,0.999969806,0.010125285,3.84E-07
4645174,CONFIRMED,1.000137717,0.999673131,1.00000374,0.000464585,1.67E-09
4645492,FALSE POSITIVE,1.000139129,0.999880083,1.000003412,0.000259046,1.06E-09
4645833,FALSE POSITIVE,1.000218555,0.999714229,1.000003419,0.000504326,4.24E-09
4647662,FALSE POSITIVE,1.000126348,0.999893965,1.00000394,0.000232383,1.67E-09
